scroll,segment,volume,voxel_um,state,confidence,mirrored_as_stored,mirror_u,flip_v,rot180_equivalent,parity,chirality,reversed_frac,frac_zero_ct,frac_outside,sources_used,flags,state_without_frame_gate,confidence_without_frame_gate,mirrored_without_frame_gate,mesh
PHerc0139,20250108000000-w025_2025010863,20250728140407,9.362,OK,HIGH,False,False,False,False,1,1,0.0013,0.0,0.0,normal_line_centre+umbilicus,reversed patch masked out: 0.001 of clear vertices,OK,HIGH,False,20250108000000-on-20250728140407-9.362um.tifxyz
PHerc0139,20250108000001-w026_2025010854,20250728140407,9.362,OK,HIGH,False,False,False,False,1,1,0.0015,0.0,0.0,normal_line_centre+umbilicus,reversed patch masked out: 0.001 of clear vertices,OK,HIGH,False,20250108000001-on-20250728140407-9.362um.tifxyz
PHerc0139,20250108000002-w027_2025010845,20250728140407,9.362,OK,HIGH,False,False,False,False,1,1,0.001,0.0,0.0,normal_line_centre+umbilicus,reversed patch masked out: 0.001 of clear vertices,OK,HIGH,False,20250108000002-on-20250728140407-9.362um.tifxyz
PHerc0139,20250108000003-w028_2025010836,20250728140407,9.362,OK,HIGH,False,False,False,False,1,1,0.0006,0.0,0.0,normal_line_centre+umbilicus,reversed patch masked out: 0.001 of clear vertices,OK,HIGH,False,20250108000003-on-20250728140407-9.362um.tifxyz
PHerc0139,20250108000004-w029_2025010827,20250728140407,9.362,OK,HIGH,False,False,False,False,1,1,0.0005,0.0,0.0,normal_line_centre+umbilicus,reversed patch masked out: 0.001 of clear vertices,OK,HIGH,False,20250108000004-on-20250728140407-9.362um.tifxyz
PHerc0139,20250108000005-w030_2025010818,20250728140407,9.362,OK,HIGH,False,False,False,False,1,1,0.0006,0.0,0.0,normal_line_centre+umbilicus,reversed patch masked out: 0.001 of clear vertices,OK,HIGH,False,20250108000005-on-20250728140407-9.362um.tifxyz
PHerc0139,20250223000000-w059_2025022312,20250728140407,9.362,OK,HIGH,False,False,False,False,1,1,0.0002,0.0362,0.0,normal_line_centre+umbilicus,reversed patch masked out: 0.000 of clear vertices,OK,HIGH,False,20250223000000-on-20250728140407-9.362um.tifxyz
PHerc0139,20250831000000-w040_2025083102,20250728140407,9.362,OK,HIGH,False,False,False,False,1,1,0.0004,0.0,0.0,normal_line_centre+umbilicus,reversed patch masked out: 0.000 of clear vertices,OK,HIGH,False,20250831000000-on-20250728140407-9.362um.tifxyz
PHerc0139,20251226000000-w055_2025122611,20250728140407,9.362,OK,HIGH,False,False,False,False,1,1,0.0059,0.0014,0.0,normal_line_centre+umbilicus,reversed patch masked out: 0.006 of clear vertices,OK,HIGH,False,20251226000000-on-20250728140407-9.362um.tifxyz
PHerc0139,20260108000000-w041_2026010816,20250728140407,9.362,OK,HIGH,False,False,False,False,1,1,0.0002,0.0,0.0,normal_line_centre+umbilicus,reversed patch masked out: 0.000 of clear vertices,OK,HIGH,False,20260108000000-on-20250728140407-9.362um.tifxyz
PHerc0139,20260112000000-w043_2026011217,20250728140407,9.362,OK,HIGH,False,False,False,False,1,1,0.0003,0.0,0.0,normal_line_centre+umbilicus,reversed patch masked out: 0.000 of clear vertices,OK,HIGH,False,20260112000000-on-20250728140407-9.362um.tifxyz
PHerc0139,20260115000000-w044_2026011522,20250728140407,9.362,OK,HIGH,False,False,False,False,1,1,0.0003,0.0,0.0,normal_line_centre+umbilicus,reversed patch masked out: 0.000 of clear vertices,OK,HIGH,False,20260115000000-on-20250728140407-9.362um.tifxyz
PHerc0139,20260115000001-w056_2026011514,20250728140407,9.362,OK,HIGH,False,False,False,False,1,1,0.0008,0.0018,0.0,normal_line_centre+umbilicus,reversed patch masked out: 0.001 of clear vertices,OK,HIGH,False,20260115000001-on-20250728140407-9.362um.tifxyz
PHerc0139,20260126000000-w045_2026012619,20250728140407,9.362,OK,HIGH,False,False,False,False,1,1,0.0006,0.0,0.0,normal_line_centre+umbilicus,reversed patch masked out: 0.001 of clear vertices,OK,HIGH,False,20260126000000-on-20250728140407-9.362um.tifxyz
PHerc0139,20260127000000-w057_2026012713,20250728140407,9.362,OK,HIGH,False,False,False,False,1,1,0.0012,0.0066,0.0,normal_line_centre+umbilicus,reversed patch masked out: 0.001 of clear vertices,OK,HIGH,False,20260127000000-on-20250728140407-9.362um.tifxyz
PHerc0139,20260130000000-w031_2026013019,20250728140407,9.362,OK,HIGH,False,False,False,False,1,1,0.0005,0.0,0.0,normal_line_centre+umbilicus,reversed patch masked out: 0.000 of clear vertices,OK,HIGH,False,20260130000000-on-20250728140407-9.362um.tifxyz
PHerc0139,20260203000000-w032_2026020303,20250728140407,9.362,OK,HIGH,False,False,False,False,1,1,0.0001,0.0,0.0,normal_line_centre+umbilicus,reversed patch masked out: 0.000 of clear vertices,OK,HIGH,False,20260203000000-on-20250728140407-9.362um.tifxyz
PHerc0139,20260206000000-w042_2026020613,20250728140407,9.362,OK,HIGH,False,False,False,False,1,1,0.0,0.0,0.0,normal_line_centre+umbilicus,reversed patch masked out: 0.000 of clear vertices,OK,HIGH,False,20260206000000-on-20250728140407-9.362um.tifxyz
PHerc0139,20260206000001-w047_2026020613,20250728140407,9.362,OK,HIGH,False,False,False,False,1,1,0.0009,0.0,0.0,normal_line_centre+umbilicus,reversed patch masked out: 0.001 of clear vertices,OK,HIGH,False,20260206000001-on-20250728140407-9.362um.tifxyz
PHerc0139,20260206000002-w054_2026020617,20250728140407,9.362,OK,HIGH,False,False,False,False,1,1,0.0053,0.0008,0.0,normal_line_centre+umbilicus,reversed patch masked out: 0.005 of clear vertices,OK,HIGH,False,20260206000002-on-20250728140407-9.362um.tifxyz
PHerc0139,20260210000000-w058_2026021020,20250728140407,9.362,OK,HIGH,False,False,False,False,1,1,0.0001,0.0158,0.0,normal_line_centre+umbilicus,reversed patch masked out: 0.000 of clear vertices,OK,HIGH,False,20260210000000-on-20250728140407-9.362um.tifxyz
PHerc0139,20260215000000-w024_2026021572,20250728140407,9.362,OK,HIGH,False,False,False,False,1,1,0.0011,0.0,0.0,normal_line_centre+umbilicus,reversed patch masked out: 0.001 of clear vertices,OK,HIGH,False,20260215000000-on-20250728140407-9.362um.tifxyz
PHerc0139,20260219000000-w033_2026021913,20250728140407,9.362,OK,HIGH,False,False,False,False,1,1,0.0003,0.0,0.0,normal_line_centre+umbilicus,reversed patch masked out: 0.000 of clear vertices,OK,HIGH,False,20260219000000-on-20250728140407-9.362um.tifxyz
PHerc0139,20260219000001-w048_2026021912,20250728140407,9.362,OK,HIGH,False,False,False,False,1,1,0.0012,0.0,0.0,normal_line_centre+umbilicus,reversed patch masked out: 0.001 of clear vertices,OK,HIGH,False,20260219000001-on-20250728140407-9.362um.tifxyz
PHerc0139,20260220000000-w053_2026022021,20250728140407,9.362,OK,HIGH,False,False,False,False,1,1,0.0027,0.0,0.0,normal_line_centre+umbilicus,reversed patch masked out: 0.003 of clear vertices,OK,HIGH,False,20260220000000-on-20250728140407-9.362um.tifxyz
PHerc0139,20260227000000-w052_2026022705,20250728140407,9.362,OK,HIGH,False,False,False,False,1,1,0.0037,0.0018,0.0,normal_line_centre+umbilicus,reversed patch masked out: 0.004 of clear vertices,OK,HIGH,False,20260227000000-on-20250728140407-9.362um.tifxyz
PHerc0139,20260302000000-w039_2026030210,20250728140407,9.362,OK,HIGH,False,False,False,False,1,1,0.0,0.0021,0.0,normal_line_centre+umbilicus,,OK,HIGH,False,20260302000000-on-20250728140407-9.362um.tifxyz
PHerc0139,20260302000001-w050_2026030220,20250728140407,9.362,OK,HIGH,False,False,False,False,1,1,0.0,0.0,0.0,normal_line_centre+umbilicus,,OK,HIGH,False,20260302000001-on-20250728140407-9.362um.tifxyz
PHerc0139,20260303000000-w034_2026030317,20250728140407,9.362,OK,HIGH,False,False,False,False,1,1,0.0002,0.0,0.0,normal_line_centre+umbilicus,reversed patch masked out: 0.000 of clear vertices,OK,HIGH,False,20260303000000-on-20250728140407-9.362um.tifxyz
PHerc0139,20260306000000-w038_2026030608,20250728140407,9.362,OK,HIGH,False,False,False,False,1,1,0.0,0.0,0.0,normal_line_centre+umbilicus,reversed patch masked out: 0.000 of clear vertices,OK,HIGH,False,20260306000000-on-20250728140407-9.362um.tifxyz
PHerc0139,20260306000001-w051_2026030600,20250728140407,9.362,OK,HIGH,False,False,False,False,1,1,0.0038,0.0002,0.0,normal_line_centre+umbilicus,reversed patch masked out: 0.004 of clear vertices,OK,HIGH,False,20260306000001-on-20250728140407-9.362um.tifxyz
PHerc0139,20260310000000-w037_2026031015,20250728140407,9.362,OK,HIGH,False,False,False,False,1,1,0.0017,0.0,0.0,normal_line_centre+umbilicus,reversed patch masked out: 0.002 of clear vertices,OK,HIGH,False,20260310000000-on-20250728140407-9.362um.tifxyz
PHerc0139,20260311000000-w023_202603112281,20250728140407,9.362,OK,HIGH,False,False,False,False,1,1,0.0004,0.0,0.0,normal_line_centre+umbilicus,reversed patch masked out: 0.000 of clear vertices,OK,HIGH,False,20260311000000-on-20250728140407-9.362um.tifxyz
PHerc0139,20260316000000-w036_2026031607,20250728140407,9.362,OK,HIGH,False,False,False,False,1,1,0.0001,0.0,0.0,normal_line_centre+umbilicus,reversed patch masked out: 0.000 of clear vertices,OK,HIGH,False,20260316000000-on-20250728140407-9.362um.tifxyz
PHerc0139,20260317000000-w035_2026031718,20250728140407,9.362,OK,HIGH,False,False,False,False,1,1,0.0002,0.0,0.0,normal_line_centre+umbilicus,reversed patch masked out: 0.000 of clear vertices,OK,HIGH,False,20260317000000-on-20250728140407-9.362um.tifxyz
PHerc0139,20260318000000-w049_20260318,20250728140407,9.362,OK,HIGH,False,False,False,False,1,1,0.0014,0.0,0.0,normal_line_centre+umbilicus,reversed patch masked out: 0.001 of clear vertices,OK,HIGH,False,20260318000000-on-20250728140407-9.362um.tifxyz
PHerc0139,20260325000000-w046_20260325,20250728140407,9.362,OK,HIGH,False,False,False,False,1,1,0.0006,0.0,0.0,normal_line_centre+umbilicus,reversed patch masked out: 0.001 of clear vertices,OK,HIGH,False,20260325000000-on-20250728140407-9.362um.tifxyz
PHerc0139,20260422000000-title_2026042222_zmid_flatboi,20250728140407,9.362,OK,HIGH,False,False,False,False,1,1,0.0043,0.0,0.0,normal_line_centre+umbilicus,reversed patch masked out: 0.004 of clear vertices,OK,HIGH,False,20260422000000-on-20250728140407-9.362um.tifxyz
PHerc0009B,20250510172639,20250521125136,8.64,FRAME_UNVERIFIED,FLAG,,,,False,1,0,,0.0646,0.0,,"mesh not on the scroll in its declared frame: zero CT 0.065, outside 0.000",OK,MEDIUM,False,20250510172639-on-20250521125136-8.64um.tifxyz
PHerc0009B,20250510172804,20250521125136,8.64,OK,MEDIUM,False,False,False,False,1,1,0.0,0.0064,0.0,text_side,single valid source (text_side),OK,MEDIUM,False,20250510172804-on-20250521125136-8.64um.tifxyz
PHerc0009B,20250511200236,20250521125136,8.64,FRAME_UNVERIFIED,FLAG,,,,False,1,0,,0.0837,0.0,,"mesh not on the scroll in its declared frame: zero CT 0.084, outside 0.000",OK,MEDIUM,False,20250511200236-on-20250521125136-8.64um.tifxyz
PHerc0009B,20250919064353-auto_grown_20250918234353791,20250521125136,8.64,OK,MEDIUM,False,False,False,False,1,1,0.0,0.0063,0.0,text_side,single valid source (text_side),OK,MEDIUM,False,20250919064353-on-20250521125136-8.64um.tifxyz
PHerc0009B,20250919123506-auto_grown_20250919053506178_inp_hr,20250521125136,8.64,FRAME_UNVERIFIED,FLAG,,,,False,1,0,,0.0639,0.0,,"mesh not on the scroll in its declared frame: zero CT 0.064, outside 0.000",OK,MEDIUM,False,20250919123506-on-20250521125136-8.64um.tifxyz
PHerc0009B,20250919124722-auto_grown_20250919054722721_inp_hr,20250521125136,8.64,OK,MEDIUM,False,False,False,False,1,1,0.0,0.0386,0.0,text_side,single valid source (text_side),OK,MEDIUM,False,20250919124722-on-20250521125136-8.64um.tifxyz
PHerc0009B,20250919124917-auto_grown_20250919054917419_inp_hr,20250521125136,8.64,OK,MEDIUM,False,False,False,False,1,1,0.0026,0.0399,0.0,text_side,reversed patch masked out: 0.003 of clear vertices; single valid source (text_side),OK,MEDIUM,False,20250919124917-on-20250521125136-8.64um.tifxyz
PHerc0009B,20250919125302-auto_grown_20250919055302061,20250521125136,8.64,OK,MEDIUM,False,False,False,False,1,1,0.0001,0.0053,0.0,text_side,reversed patch masked out: 0.000 of clear vertices; single valid source (text_side),OK,MEDIUM,False,20250919125302-on-20250521125136-8.64um.tifxyz
PHerc0009B,20250919125605-auto_grown_20250919055605407,20250521125136,8.64,OK,MEDIUM,False,False,False,False,1,1,0.0,0.0078,0.0,text_side,single valid source (text_side),OK,MEDIUM,False,20250919125605-on-20250521125136-8.64um.tifxyz
PHerc0009B,20250919125754-auto_grown_20250919055754487_inp_hr,20250521125136,8.64,FRAME_UNVERIFIED,FLAG,,,,False,1,0,,0.1208,0.0,,"mesh not on the scroll in its declared frame: zero CT 0.121, outside 0.000",OK,MEDIUM,False,20250919125754-on-20250521125136-8.64um.tifxyz
PHerc0009B,20250919130642-auto_grown_20250919060642061,20250521125136,8.64,OK,MEDIUM,False,False,False,False,1,1,0.0005,0.0018,0.0,text_side,reversed patch masked out: 0.001 of clear vertices; single valid source (text_side),OK,MEDIUM,False,20250919130642-on-20250521125136-8.64um.tifxyz
PHerc0009B,20250919131352-auto_grown_20250919061352722_inp_hr,20250521125136,8.64,FRAME_UNVERIFIED,FLAG,,,,False,1,0,,0.0978,0.0,,"mesh not on the scroll in its declared frame: zero CT 0.098, outside 0.000",OK,MEDIUM,False,20250919131352-on-20250521125136-8.64um.tifxyz
PHerc0009B,20250919131642-auto_grown_20250919061642215_inp_hr,20250521125136,8.64,FRAME_UNVERIFIED,FLAG,,,,False,1,0,,0.0506,0.0,,"mesh not on the scroll in its declared frame: zero CT 0.051, outside 0.000",OK,MEDIUM,False,20250919131642-on-20250521125136-8.64um.tifxyz
PHerc0009B,20250919132115-auto_grown_20250919062115592_inp_hr,20250521125136,8.64,FRAME_UNVERIFIED,FLAG,,,,False,1,0,,0.079,0.0005,,"mesh not on the scroll in its declared frame: zero CT 0.079, outside 0.001",OK,MEDIUM,False,20250919132115-on-20250521125136-8.64um.tifxyz
PHerc0009B,20250919133208-auto_grown_20250919063208154_inp_hr,20250521125136,8.64,FRAME_UNVERIFIED,FLAG,,,,False,1,0,,0.074,0.0,,"mesh not on the scroll in its declared frame: zero CT 0.074, outside 0.000",OK,MEDIUM,False,20250919133208-on-20250521125136-8.64um.tifxyz
PHerc0009B,20250919135433-auto_grown_20250919065433578_inp_hr,20250521125136,8.64,FRAME_UNVERIFIED,FLAG,,,,False,1,0,,0.1186,0.0,,"mesh not on the scroll in its declared frame: zero CT 0.119, outside 0.000",OK,MEDIUM,False,20250919135433-on-20250521125136-8.64um.tifxyz
PHerc0009B,20250919135915-auto_grown_20250919065915092_inp_hr,20250521125136,8.64,FRAME_UNVERIFIED,FLAG,,,,False,1,0,,0.0545,0.0,,"mesh not on the scroll in its declared frame: zero CT 0.054, outside 0.000",OK,MEDIUM,False,20250919135915-on-20250521125136-8.64um.tifxyz
PHerc0009B,20250919140325-auto_grown_20250919070325767_inp_hr,20250521125136,8.64,FRAME_UNVERIFIED,FLAG,,,,False,1,0,,0.0555,0.0,,"mesh not on the scroll in its declared frame: zero CT 0.055, outside 0.000",OK,MEDIUM,False,20250919140325-on-20250521125136-8.64um.tifxyz
PHerc0800,20251028213516-auto_grown_20251028213516907,20250521135224,8.64,OK,MEDIUM,False,False,False,False,1,1,0.0,0.0,0.0,centroid,normal-line centre ill-conditioned (cond 14.9 > 10.0); single valid source (centroid),OK,MEDIUM,False,20251028213516-on-20250521135224-8.64um.tifxyz
PHerc0800,20251028220042-auto_grown_20251028220042762,20250521135224,8.64,OK,MEDIUM,False,False,False,False,1,1,0.0,0.0,0.0,centroid,normal-line centre ill-conditioned (cond 13.1 > 10.0); single valid source (centroid),OK,MEDIUM,False,20251028220042-on-20250521135224-8.64um.tifxyz
PHerc0800,20251028220955-auto_grown_20251028220955262,20250521135224,8.64,OK,MEDIUM,False,False,False,False,1,1,0.0,0.0,0.0,centroid,normal-line centre ill-conditioned (cond 15.5 > 10.0); single valid source (centroid),OK,MEDIUM,False,20251028220955-on-20250521135224-8.64um.tifxyz
PHerc0800,20251028222030-auto_grown_20251028222030940,20250521135224,8.64,OK,MEDIUM,False,False,False,False,1,1,0.0,0.0,0.0,centroid,normal-line centre ill-conditioned (cond 14.3 > 10.0); single valid source (centroid),OK,MEDIUM,False,20251028222030-on-20250521135224-8.64um.tifxyz
PHerc0800,20251028225813-auto_grown_20251028225813045,20250521135224,8.64,OK,MEDIUM,False,False,False,False,1,1,0.0,0.0,0.0,centroid,normal-line centre ill-conditioned (cond 16.7 > 10.0); single valid source (centroid),OK,MEDIUM,False,20251028225813-on-20250521135224-8.64um.tifxyz
PHerc0800,20251029010146-auto_grown_20251029010146642,20250521135224,8.64,OK,MEDIUM,False,False,False,False,1,1,0.0,0.0,0.0,centroid,normal-line centre ill-conditioned (cond 23.4 > 10.0); single valid source (centroid),OK,MEDIUM,False,20251029010146-on-20250521135224-8.64um.tifxyz
PHerc1447,20250502180708-auto_grown_20250502160708188,20250521151220,8.64,FRAME_UNVERIFIED,FLAG,,,,False,1,0,,0.9064,0.0485,,"mesh not on the scroll in its declared frame: zero CT 0.906, outside 0.049",OK,MEDIUM,False,20250502180708-on-20250521151220-8.64um.tifxyz
PHerc1447,20250502180748-auto_grown_20250502160748721,20250521151220,8.64,FRAME_UNVERIFIED,FLAG,,,,False,1,0,,0.5929,0.0493,,"mesh not on the scroll in its declared frame: zero CT 0.593, outside 0.049",OK,HIGH,False,20250502180748-on-20250521151220-8.64um.tifxyz
PHerc1447,20250502182142-auto_grown_20250502161324419,20250521151220,8.64,FRAME_UNVERIFIED,FLAG,,,,False,1,0,,0.4121,0.0,,"mesh not on the scroll in its declared frame: zero CT 0.412, outside 0.000",OK,HIGH,False,20250502182142-on-20250521151220-8.64um.tifxyz
PHerc1447,20250502182456-auto_grown_20250502161202782,20250521151220,8.64,FRAME_UNVERIFIED,FLAG,,,,False,1,0,,0.5912,0.1125,,"mesh not on the scroll in its declared frame: zero CT 0.591, outside 0.113",OK,MEDIUM,False,20250502182456-on-20250521151220-8.64um.tifxyz
PHerc1447,20250502183138-auto_grown_20250502162038685,20250521151220,8.64,FRAME_UNVERIFIED,FLAG,,,,False,1,0,,0.5239,0.0,,"mesh not on the scroll in its declared frame: zero CT 0.524, outside 0.000",OK,HIGH,False,20250502183138-on-20250521151220-8.64um.tifxyz
PHerc1447,20250502183421-auto_grown_20250502161744358,20250521151220,8.64,FRAME_UNVERIFIED,FLAG,,,,False,1,0,,0.632,0.0191,,"mesh not on the scroll in its declared frame: zero CT 0.632, outside 0.019",FLAG,FLAG,,20250502183421-on-20250521151220-8.64um.tifxyz
PHerc1447,20250502184201-auto_grown_20250502163549332,20250521151220,8.64,FRAME_UNVERIFIED,FLAG,,,,False,1,0,,0.6263,0.1863,,"mesh not on the scroll in its declared frame: zero CT 0.626, outside 0.186",FLAG,FLAG,,20250502184201-on-20250521151220-8.64um.tifxyz
PHerc1447,20250502184658-auto_grown_20250502163923577,20250521151220,8.64,FRAME_UNVERIFIED,FLAG,,,,False,1,0,,0.5823,0.1599,,"mesh not on the scroll in its declared frame: zero CT 0.582, outside 0.160",FLAG,FLAG,,20250502184658-on-20250521151220-8.64um.tifxyz
PHerc1447,20250502184845-auto_grown_20250502164121265,20250521151220,8.64,FRAME_UNVERIFIED,FLAG,,,,False,1,0,,0.466,0.1426,,"mesh not on the scroll in its declared frame: zero CT 0.466, outside 0.143",FLAG,FLAG,,20250502184845-on-20250521151220-8.64um.tifxyz
PHerc1447,20250502185519-auto_grown_20250502164303733,20250521151220,8.64,FRAME_UNVERIFIED,FLAG,,,,False,1,0,,0.553,0.0724,,"mesh not on the scroll in its declared frame: zero CT 0.553, outside 0.072",FLAG,FLAG,,20250502185519-on-20250521151220-8.64um.tifxyz
PHerc1447,20250502205333-auto_grown_20250502181030065,20250521151220,8.64,FLAG,FLAG,,,,False,1,1,0.0312,0.0,0.0,centroid+normal_line_centre,"reversed patch masked out: 0.031 of clear vertices; weak agreement {'centroid': 0.7630371297455152, 'normal_line_centre': 0.9515948308060058}, pairwise {'centroid_vs_normal_line_centre': 0.7482434605942606}, reversed 0.031 (HIGH and single-source MEDIUM need reversed <= 0.02)",FLAG,FLAG,,20250502205333-on-20250521151220-8.64um.tifxyz
PHerc1447,20250702235910-auto_grown_20250702235910292,20250521151220,8.64,OK,MEDIUM,False,False,False,False,1,1,0.0,0.0,0.0,centroid,normal-line centre ill-conditioned (cond 15.3 > 10.0); single valid source (centroid),OK,MEDIUM,False,20250702235910-on-20250521151220-8.64um.tifxyz
PHerc1447,20250703025628-auto_grown_20250703025628283,20250521151220,8.64,OK,MEDIUM,False,False,False,False,1,1,0.0114,0.0,0.0,centroid,normal-line centre ill-conditioned (cond 33.1 > 10.0); reversed patch masked out: 0.011 of clear vertices; single valid source (centroid),OK,MEDIUM,False,20250703025628-on-20250521151220-8.64um.tifxyz
PHerc1447,20250703034159-auto_grown_20250703034159599,20250521151220,8.64,OK,MEDIUM,False,False,False,False,1,1,0.007,0.0,0.0,centroid+normal_line_centre,reversed patch masked out: 0.007 of clear vertices,OK,MEDIUM,False,20250703034159-on-20250521151220-8.64um.tifxyz
PHerc1447,20251105093211-z_dbg_gen_00320,20250521151220,8.64,OK,MEDIUM,False,False,False,False,1,1,0.0552,0.0141,0.0,centroid+normal_line_centre,reversed patch masked out: 0.055 of clear vertices,OK,MEDIUM,False,20251105093211-on-20250521151220-8.64um.tifxyz
